{"cameraMode":{"drawMode":0,"name":"Shaded","section":"Shading Mode"},"sceneLighting":true,"audioPlay":false,"sceneViewState":{"showFog":true,"showMaterialUpdate":false,"showSkybox":true,"showFlares":true,"showImageEffects":true,"showParticleSystems":true},"in2DMode":false,"pivot":{"x":-0.000023186206817626953,"y":0.0,"z":-10.509622573852539},"rotation":{"x":0.11777003109455109,"y":-0.3461354970932007,"z":0.04384544864296913,"w":0.9297308921813965},"size":18.53529930114746,"orthographic":true}