{"cameraMode":{"drawMode":0,"name":"Shaded","section":"Shading Mode"},"sceneLighting":true,"audioPlay":false,"sceneViewState":{"showFog":true,"showMaterialUpdate":false,"showSkybox":true,"showFlares":true,"showImageEffects":true,"showParticleSystems":true},"in2DMode":false,"pivot":{"x":2.2102508544921877,"y":2.742018938064575,"z":-2.7691144943237306},"rotation":{"x":0.15029627084732057,"y":-0.16379570960998536,"z":0.025258155539631845,"w":0.9746508598327637},"size":17.311416625976564,"orthographic":true}