{"cameraMode":{"drawMode":0,"name":"Shaded","section":"Shading Mode"},"sceneLighting":true,"audioPlay":false,"sceneViewState":{"showFog":true,"showMaterialUpdate":false,"showSkybox":true,"showFlares":true,"showImageEffects":true,"showParticleSystems":true},"in2DMode":false,"pivot":{"x":-12.70703125,"y":2.663818359375,"z":1.03204345703125},"rotation":{"x":0.023707540705800058,"y":-0.6123663783073425,"z":0.01837642677128315,"w":0.7900083065032959},"size":20.704805374145509,"orthographic":true}