{"cameraMode":{"drawMode":0,"name":"Shaded","section":"Shading Mode"},"sceneLighting":true,"audioPlay":false,"sceneViewState":{"showFog":true,"showMaterialUpdate":false,"showSkybox":true,"showFlares":true,"showImageEffects":true,"showParticleSystems":true},"in2DMode":false,"pivot":{"x":3.3412373065948488,"y":2.917901039123535,"z":-3.8014817237854006},"rotation":{"x":0.10362207889556885,"y":-0.2737899422645569,"z":0.029684830456972123,"w":0.9557303786277771},"size":15.633319854736329,"orthographic":true}