{"cameraMode":{"drawMode":0,"name":"Shaded","section":"Shading Mode"},"sceneLighting":true,"audioPlay":false,"sceneViewState":{"showFog":true,"showMaterialUpdate":false,"showSkybox":true,"showFlares":true,"showImageEffects":true,"showParticleSystems":true},"in2DMode":false,"pivot":{"x":0.23731756210327149,"y":1.1828093528747559,"z":0.1934196949005127},"rotation":{"x":0.15029627084732057,"y":-0.16379570960998536,"z":0.025258155539631845,"w":0.9746508598327637},"size":17.850414276123048,"orthographic":true}