{"cameraMode":{"drawMode":0,"name":"Shaded","section":"Shading Mode"},"sceneLighting":true,"audioPlay":false,"sceneViewState":{"showFog":true,"showMaterialUpdate":false,"showSkybox":true,"showFlares":true,"showImageEffects":true,"showParticleSystems":true},"in2DMode":false,"pivot":{"x":1.698169231414795,"y":3.4806630611419679,"z":-8.96003532409668},"rotation":{"x":0.10362207889556885,"y":-0.2737899422645569,"z":0.029684830456972123,"w":0.9557303786277771},"size":18.653684616088868,"orthographic":true}