{"cameraMode":{"drawMode":0,"name":"Shaded","section":"Shading Mode"},"sceneLighting":true,"audioPlay":false,"sceneViewState":{"showFog":true,"showMaterialUpdate":false,"showSkybox":true,"showFlares":true,"showImageEffects":true,"showParticleSystems":true},"in2DMode":false,"pivot":{"x":2.244575262069702,"y":3.9406158924102785,"z":-4.46122932434082},"rotation":{"x":0.13359855115413667,"y":-0.38439270853996279,"z":0.05632705241441727,"w":0.9117137789726257},"size":19.760366439819337,"orthographic":true}