{"cameraMode":{"drawMode":0,"name":"Shaded","section":"Shading Mode"},"sceneLighting":true,"audioPlay":false,"sceneViewState":{"showFog":true,"showMaterialUpdate":false,"showSkybox":true,"showFlares":true,"showImageEffects":true,"showParticleSystems":true},"in2DMode":false,"pivot":{"x":3.9422802925109865,"y":1.5501070022583008,"z":-10.156364440917969},"rotation":{"x":0.09043275564908982,"y":-0.3126640319824219,"z":0.029918121173977853,"w":0.9450761675834656},"size":20.902124404907228,"orthographic":true}