{"cameraMode":{"drawMode":0,"name":"Shaded","section":"Shading Mode"},"sceneLighting":true,"audioPlay":false,"sceneViewState":{"showFog":true,"showMaterialUpdate":false,"showSkybox":true,"showFlares":true,"showImageEffects":true,"showParticleSystems":true},"in2DMode":false,"pivot":{"x":-0.7724525332450867,"y":2.1298751831054689,"z":-2.728001356124878},"rotation":{"x":0.15029627084732057,"y":-0.16379570960998536,"z":0.025258155539631845,"w":0.9746508598327637},"size":16.490358352661134,"orthographic":true}