{"cameraMode":{"drawMode":0,"name":"Shaded","section":"Shading Mode"},"sceneLighting":true,"audioPlay":false,"sceneViewState":{"showFog":true,"showMaterialUpdate":false,"showSkybox":true,"showFlares":true,"showImageEffects":true,"showParticleSystems":true},"in2DMode":false,"pivot":{"x":-12.70703125,"y":2.663818359375,"z":1.03204345703125},"rotation":{"x":0.10615098476409912,"y":-0.38673070073127749,"z":0.04486744478344917,"w":0.9149666428565979},"size":20.704805374145509,"orthographic":true}