{"cameraMode":{"drawMode":0,"name":"Shaded","section":"Shading Mode"},"sceneLighting":true,"audioPlay":false,"sceneViewState":{"showFog":true,"showMaterialUpdate":false,"showSkybox":true,"showFlares":true,"showImageEffects":true,"showParticleSystems":true},"in2DMode":false,"pivot":{"x":-4.517786026000977,"y":0.3639127016067505,"z":-1.0851229429244996},"rotation":{"x":0.00998963788151741,"y":-0.9682931303977966,"z":0.03923723101615906,"w":0.24652034044265748},"size":12.126968383789063,"orthographic":true}