{"cameraMode":{"drawMode":0,"name":"Shaded","section":"Shading Mode"},"sceneLighting":true,"audioPlay":false,"sceneViewState":{"showFog":true,"showMaterialUpdate":false,"showSkybox":true,"showFlares":true,"showImageEffects":true,"showParticleSystems":true},"in2DMode":false,"pivot":{"x":-0.9863393306732178,"y":2.056396484375,"z":-2.121816396713257},"rotation":{"x":0.18208876252174378,"y":-0.17158906161785127,"z":0.03228875622153282,"w":0.9676562547683716},"size":20.489696502685548,"orthographic":true}