{"cameraMode":{"drawMode":0,"name":"Shaded","section":"Shading Mode"},"sceneLighting":true,"audioPlay":false,"sceneViewState":{"showFog":true,"showMaterialUpdate":false,"showSkybox":true,"showFlares":true,"showImageEffects":true,"showParticleSystems":true},"in2DMode":false,"pivot":{"x":0.10107803344726563,"y":4.627590179443359,"z":-6.341421127319336},"rotation":{"x":0.04600551724433899,"y":-0.28370949625968935,"z":0.013629068620502949,"w":0.9577146172523499},"size":38.69622802734375,"orthographic":false}